IDTARJETA,TIPO,NUMERO,MONTO,MONEDA
1,americanexpress,201706666682710,10000,Yuan Renminbi
2,diners-club-carte-blanche,201706666682710,10000,Peso
3,jcb,201706666682710,10000,Zloty
4,maestro,201706666682710,10000,Kuna
5,americanexpress,201706666682710,10000,Rupiah
6,jcb,201706666682710,10000,Rupiah
7,mastercard,201706666682710,10000,Euro
8,china-unionpay,201706666682710,10000,Yen
9,jcb,201706666682710,10000,Dinar
10,bankcard,201706666682710,10000,Yuan Renminbi
11,jcb,201706666682710,10000,Zloty
12,diners-club-carte-blanche,201706666682710,10000,Yuan Renminbi
13,jcb,201706666682710,10000,Euro
14,jcb,201706666682710,10000,Yuan Renminbi
15,jcb,201706666682710,10000,Peso
16,maestro,201706666682710,10000,Peso
17,china-unionpay,201706666682710,10000,Euro
18,instapayment,201706666682710,10000,Rupiah
19,laser,201706666682710,10000,Zloty
20,jcb,201706666682710,10000,Peso
21,laser,201706666682710,10000,Yuan Renminbi
22,mastercard,201706666682710,10000,Rial
23,jcb,201706666682710,10000,Dollar
24,china-unionpay,201706666682710,10000,Koruna
25,switch,201706666682710,10000,Euro
26,jcb,201706666682710,10000,Rupiah
27,visa-electron,201706666682710,10000,Real
28,jcb,201706666682710,10000,Franc
29,diners-club-enroute,201706666682710,10000,Euro
30,jcb,201706666682710,10000,Yuan Renminbi
31,americanexpress,201706666682710,10000,Koruna
32,jcb,201706666682710,10000,Euro
33,maestro,201706666682710,10000,Ruble
34,mastercard,201706666682710,10000,Zloty
35,jcb,201706666682710,10000,Peso
36,visa,201706666682710,10000,Peso
37,americanexpress,201706666682710,10000,Lek
38,visa,201706666682710,10000,Ruble
39,visa-electron,201706666682710,10000,Dinar
40,jcb,201706666682710,10000,Shilling
41,bankcard,201706666682710,10000,Real
42,jcb,201706666682710,10000,Dollar
43,jcb,201706666682710,10000,Euro
44,switch,201706666682710,10000,Yuan Renminbi
45,diners-club-carte-blanche,201706666682710,10000,Rupiah
46,visa,201706666682710,10000,Peso
47,jcb,201706666682710,10000,Euro
48,jcb,201706666682710,10000,Shilling
49,jcb,201706666682710,10000,Zloty
50,visa,201706666682710,10000,Rupiah
51,jcb,201706666682710,10000,Peso
52,instapayment,201706666682710,10000,Rupiah
53,china-unionpay,201706666682710,10000,Won
54,bankcard,201706666682710,10000,Won
55,americanexpress,201706666682710,10000,Dollar
56,americanexpress,201706666682710,10000,Yuan Renminbi
57,maestro,201706666682710,10000,Peso
58,laser,201706666682710,10000,Koruna
59,bankcard,201706666682710,10000,Rupiah
60,jcb,201706666682710,10000,Yen
61,jcb,201706666682710,10000,Bolivar
62,jcb,201706666682710,10000,Euro
63,jcb,201706666682710,10000,Euro
64,solo,201706666682710,10000,Dollar
65,jcb,201706666682710,10000,Peso
66,maestro,201706666682710,10000,Yuan Renminbi
67,diners-club-carte-blanche,201706666682710,10000,Rupiah
68,laser,201706666682710,10000,Dollar
69,jcb,201706666682710,10000,Euro
70,maestro,201706666682710,10000,Yuan Renminbi
71,jcb,201706666682710,10000,Rupiah
72,laser,201706666682710,10000,Krone
73,jcb,201706666682710,10000,Yuan Renminbi
74,mastercard,201706666682710,10000,Real
75,bankcard,201706666682710,10000,Rupiah
76,switch,201706666682710,10000,Yuan Renminbi
77,visa-electron,201706666682710,10000,Dinar
78,visa-electron,201706666682710,10000,Euro
79,mastercard,201706666682710,10000,Zloty
80,diners-club-enroute,201706666682710,10000,Rupiah
81,mastercard,201706666682710,10000,Rupiah
82,instapayment,201706666682710,10000,Yen
83,switch,201706666682710,10000,Dong
84,visa-electron,201706666682710,10000,Franc
85,jcb,201706666682710,10000,Euro
86,switch,201706666682710,10000,Yuan Renminbi
87,china-unionpay,201706666682710,10000,Dollar
88,jcb,201706666682710,10000,Euro
89,jcb,201706666682710,10000,Yuan Renminbi
90,jcb,201706666682710,10000,Dirham
91,bankcard,201706666682710,10000,Peso
92,americanexpress,201706666682710,10000,Rupiah
93,jcb,201706666682710,10000,Rupiah
94,mastercard,201706666682710,10000,Rupiah
95,visa,201706666682710,10000,Yuan Renminbi
96,jcb,201706666682710,10000,Krona
97,americanexpress,201706666682710,10000,Afghani
98,maestro,201706666682710,10000,Ruble
99,china-unionpay,201706666682710,10000,Ruble
100,americanexpress,201706666682710,10000,Euro
101,mastercard,201706666682710,10000,Rupiah
102,americanexpress,201706666682710,10000,Peso
103,jcb,201706666682710,10000,Shekel
104,jcb,201706666682710,10000,Euro
105,jcb,201706666682710,10000,Yuan Renminbi
106,jcb,201706666682710,10000,Yuan Renminbi
107,diners-club-enroute,201706666682710,10000,Yuan Renminbi
108,diners-club-carte-blanche,201706666682710,10000,Peso
109,visa-electron,201706666682710,10000,Ruble
110,mastercard,201706666682710,10000,Real
111,laser,201706666682710,10000,Ruble
112,jcb,201706666682710,10000,Ariary
113,switch,201706666682710,10000,Euro
114,jcb,201706666682710,10000,Yuan Renminbi
115,jcb,201706666682710,10000,Koruna
116,americanexpress,201706666682710,10000,Euro
117,jcb,201706666682710,10000,Peso
118,jcb,201706666682710,10000,Real
119,jcb,201706666682710,10000,Yuan Renminbi
120,visa-electron,201706666682710,10000,Peso
121,jcb,201706666682710,10000,Euro
122,jcb,201706666682710,10000,Kuna
123,jcb,201706666682710,10000,Koruna
124,maestro,201706666682710,10000,Real
125,mastercard,201706666682710,10000,Rupiah
126,visa,201706666682710,10000,Dollar
127,jcb,201706666682710,10000,Lev
128,jcb,201706666682710,10000,Peso
129,jcb,201706666682710,10000,Rupiah
130,switch,201706666682710,10000,Kyat
131,americanexpress,201706666682710,10000,Euro
132,visa-electron,201706666682710,10000,Yuan Renminbi
133,switch,201706666682710,10000,Rupiah
134,bankcard,201706666682710,10000,Ruble
135,jcb,201706666682710,10000,Yuan Renminbi
136,diners-club-carte-blanche,201706666682710,10000,Euro
137,jcb,201706666682710,10000,Dollar
138,jcb,201706666682710,10000,Rupiah
139,mastercard,201706666682710,10000,Rupee
140,diners-club-international,201706666682710,10000,Euro
141,switch,201706666682710,10000,Kyat
142,americanexpress,201706666682710,10000,Euro
143,jcb,201706666682710,10000,Yuan Renminbi
144,jcb,201706666682710,10000,Kuna
145,switch,201706666682710,10000,Euro
146,switch,201706666682710,10000,Yuan Renminbi
147,jcb,201706666682710,10000,Ruble
148,jcb,201706666682710,10000,Dollar
149,diners-club-carte-blanche,201706666682710,10000,Krona
150,diners-club-carte-blanche,201706666682710,10000,Won
151,mastercard,201706666682710,10000,Sol
152,bankcard,201706666682710,10000,Franc
153,china-unionpay,201706666682710,10000,Krona
154,jcb,201706666682710,10000,Ruble
155,jcb,201706666682710,10000,Euro
156,americanexpress,201706666682710,10000,Naira
157,jcb,201706666682710,10000,Yuan Renminbi
158,jcb,201706666682710,10000,Yuan Renminbi
159,visa,201706666682710,10000,Yuan Renminbi
160,visa-electron,201706666682710,10000,Yuan Renminbi
161,jcb,201706666682710,10000,Dinar
162,jcb,201706666682710,10000,Shilling
163,diners-club-carte-blanche,201706666682710,10000,Yuan Renminbi
164,visa,201706666682710,10000,Ruble
165,visa,201706666682710,10000,Euro
166,jcb,201706666682710,10000,Euro
167,jcb,201706666682710,10000,Krona
168,jcb,201706666682710,10000,Pound
169,instapayment,201706666682710,10000,Peso
170,bankcard,201706666682710,10000,Euro
171,solo,201706666682710,10000,Dinar
172,visa-electron,201706666682710,10000,Rupiah
173,bankcard,201706666682710,10000,Real
174,switch,201706666682710,10000,Baht
175,mastercard,201706666682710,10000,Franc
176,switch,201706666682710,10000,Ruble
177,jcb,201706666682710,10000,Kwacha
178,visa-electron,201706666682710,10000,Peso
179,diners-club-carte-blanche,201706666682710,10000,Rupiah
180,diners-club-international,201706666682710,10000,Shekel
181,jcb,201706666682710,10000,Dinar
182,jcb,201706666682710,10000,Rupiah
183,americanexpress,201706666682710,10000,Real
184,bankcard,201706666682710,10000,Sol
185,solo,201706666682710,10000,Lev
186,china-unionpay,201706666682710,10000,Rupiah
187,jcb,201706666682710,10000,Rupiah
188,jcb,201706666682710,10000,Rupiah
189,visa-electron,201706666682710,10000,Peso
190,china-unionpay,201706666682710,10000,Real
191,jcb,201706666682710,10000,Yuan Renminbi
192,jcb,201706666682710,10000,Manat
193,mastercard,201706666682710,10000,Guarani
194,maestro,201706666682710,10000,Tenge
195,jcb,201706666682710,10000,Yuan Renminbi
196,maestro,201706666682710,10000,Taka
197,solo,201706666682710,10000,Zloty
198,solo,201706666682710,10000,Peso
199,laser,201706666682710,10000,Ruble
200,jcb,201706666682710,10000,Dram
201,visa-electron,201706666682710,10000,Euro
202,china-unionpay,201706666682710,10000,Yuan Renminbi
203,china-unionpay,201706666682710,10000,Naira
204,switch,201706666682710,10000,Peso
205,americanexpress,201706666682710,10000,Euro
206,switch,201706666682710,10000,Peso
207,switch,201706666682710,10000,Sol
208,china-unionpay,201706666682710,10000,Euro
209,jcb,201706666682710,10000,Rupiah
210,maestro,201706666682710,10000,Rial
211,maestro,201706666682710,10000,Euro
212,laser,201706666682710,10000,Rupiah
213,maestro,201706666682710,10000,Rial
214,switch,201706666682710,10000,Rupiah
215,maestro,201706666682710,10000,Koruna
216,diners-club-enroute,201706666682710,10000,Rupiah
217,jcb,201706666682710,10000,Rupiah
218,mastercard,201706666682710,10000,Dong
219,maestro,201706666682710,10000,Ruble
220,maestro,201706666682710,10000,Euro
221,mastercard,201706666682710,10000,Yuan Renminbi
222,maestro,201706666682710,10000,Peso
223,solo,201706666682710,10000,Euro
224,laser,201706666682710,10000,Krone
225,instapayment,201706666682710,10000,Yuan Renminbi
226,mastercard,201706666682710,10000,Real
227,jcb,201706666682710,10000,Krona
228,jcb,201706666682710,10000,Rupiah
229,jcb,201706666682710,10000,Rupiah
230,maestro,201706666682710,10000,Rupiah
231,diners-club-enroute,201706666682710,10000,Yuan Renminbi
232,mastercard,201706666682710,10000,Dollar
233,solo,201706666682710,10000,Rupiah
234,jcb,201706666682710,10000,Zloty
235,jcb,201706666682710,10000,Yuan Renminbi
236,visa-electron,201706666682710,10000,Dollar
237,visa,201706666682710,10000,Krona
238,china-unionpay,201706666682710,10000,Kuna
239,diners-club-enroute,201706666682710,10000,Zloty
240,jcb,201706666682710,10000,Euro
241,diners-club-carte-blanche,201706666682710,10000,Dollar
242,visa-electron,201706666682710,10000,Yuan Renminbi
243,mastercard,201706666682710,10000,Yuan Renminbi
244,jcb,201706666682710,10000,Koruna
245,diners-club-carte-blanche,201706666682710,10000,Yuan Renminbi
246,switch,201706666682710,10000,Franc
247,jcb,201706666682710,10000,Euro
248,visa-electron,201706666682710,10000,Dollar
249,diners-club-enroute,201706666682710,10000,Somoni
250,jcb,201706666682710,10000,Euro
251,jcb,201706666682710,10000,Zloty
252,china-unionpay,201706666682710,10000,Won
253,mastercard,201706666682710,10000,Euro
254,jcb,201706666682710,10000,Euro
255,china-unionpay,201706666682710,10000,Yuan Renminbi
256,jcb,201706666682710,10000,Rupiah
257,instapayment,201706666682710,10000,Afghani
258,jcb,201706666682710,10000,Dollar
259,maestro,201706666682710,10000,Manat
260,china-unionpay,201706666682710,10000,Dong
261,bankcard,201706666682710,10000,Yuan Renminbi
262,diners-club-carte-blanche,201706666682710,10000,Yuan Renminbi
263,maestro,201706666682710,10000,Yuan Renminbi
264,jcb,201706666682710,10000,Lari
265,diners-club-carte-blanche,201706666682710,10000,Marka
266,visa,201706666682710,10000,Yuan Renminbi
267,mastercard,201706666682710,10000,Euro
268,jcb,201706666682710,10000,Shilling
269,jcb,201706666682710,10000,Sol
270,jcb,201706666682710,10000,Pound
271,china-unionpay,201706666682710,10000,Hryvnia
272,jcb,201706666682710,10000,Lempira
273,jcb,201706666682710,10000,Euro
274,switch,201706666682710,10000,Ruble
275,visa-electron,201706666682710,10000,Rupiah
276,jcb,201706666682710,10000,Yuan Renminbi
277,mastercard,201706666682710,10000,Peso
278,jcb,201706666682710,10000,Rupiah
279,jcb,201706666682710,10000,Dirham
280,china-unionpay,201706666682710,10000,Rupiah
281,jcb,201706666682710,10000,Dong
282,diners-club-carte-blanche,201706666682710,10000,Dollar
283,americanexpress,201706666682710,10000,Real
284,diners-club-carte-blanche,201706666682710,10000,Rupiah
285,jcb,201706666682710,10000,Baht
286,solo,201706666682710,10000,Yuan Renminbi
287,diners-club-international,201706666682710,10000,Cordoba
288,solo,201706666682710,10000,Dinar
289,laser,201706666682710,10000,Peso
290,jcb,201706666682710,10000,Franc
291,switch,201706666682710,10000,Shilling
292,jcb,201706666682710,10000,Yen
293,jcb,201706666682710,10000,Euro
294,jcb,201706666682710,10000,Yuan Renminbi
295,maestro,201706666682710,10000,Dirham
296,mastercard,201706666682710,10000,Real
297,jcb,201706666682710,10000,Real
298,jcb,201706666682710,10000,Peso
299,jcb,201706666682710,10000,Rupiah
300,instapayment,201706666682710,10000,Euro
301,mastercard,201706666682710,10000,Rupiah
302,switch,201706666682710,10000,Krone
303,china-unionpay,201706666682710,10000,Euro
304,visa-electron,201706666682710,10000,Yuan Renminbi
305,mastercard,201706666682710,10000,Koruna
306,jcb,201706666682710,10000,Naira
307,china-unionpay,201706666682710,10000,Ruble
308,jcb,201706666682710,10000,Euro
309,mastercard,201706666682710,10000,Zloty
310,americanexpress,201706666682710,10000,Ruble
311,jcb,201706666682710,10000,Yuan Renminbi
312,bankcard,201706666682710,10000,Tugrik
313,bankcard,201706666682710,10000,Euro
314,mastercard,201706666682710,10000,Baht
315,solo,201706666682710,10000,Yen
316,jcb,201706666682710,10000,Zloty
317,jcb,201706666682710,10000,Baht
318,maestro,201706666682710,10000,Yuan Renminbi
319,visa-electron,201706666682710,10000,Yuan Renminbi
320,mastercard,201706666682710,10000,Euro
321,laser,201706666682710,10000,Dollar
322,americanexpress,201706666682710,10000,Rupiah
323,diners-club-us-ca,201706666682710,10000,Sol
324,china-unionpay,201706666682710,10000,Rial
325,jcb,201706666682710,10000,Rupiah
326,switch,201706666682710,10000,Real
327,jcb,201706666682710,10000,Yuan Renminbi
328,jcb,201706666682710,10000,Dollar
329,jcb,201706666682710,10000,Rupiah
330,jcb,201706666682710,10000,Koruna
331,americanexpress,201706666682710,10000,Yuan Renminbi
332,americanexpress,201706666682710,10000,Real
333,diners-club-carte-blanche,201706666682710,10000,Euro
334,solo,201706666682710,10000,Euro
335,jcb,201706666682710,10000,Yuan Renminbi
336,switch,201706666682710,10000,Dollar
337,china-unionpay,201706666682710,10000,Shilling
338,maestro,201706666682710,10000,Ruble
339,diners-club-us-ca,201706666682710,10000,Yuan Renminbi
340,bankcard,201706666682710,10000,Euro
341,jcb,201706666682710,10000,Krona
342,bankcard,201706666682710,10000,Yuan Renminbi
343,china-unionpay,201706666682710,10000,Yuan Renminbi
344,maestro,201706666682710,10000,Pula
345,jcb,201706666682710,10000,Rupiah
346,jcb,201706666682710,10000,Yuan Renminbi
347,jcb,201706666682710,10000,Euro
348,visa-electron,201706666682710,10000,Peso
349,jcb,201706666682710,10000,Rupiah
350,jcb,201706666682710,10000,Rupiah
351,visa-electron,201706666682710,10000,Euro
352,switch,201706666682710,10000,Real
353,jcb,201706666682710,10000,Euro
354,mastercard,201706666682710,10000,Peso
355,bankcard,201706666682710,10000,Peso
356,diners-club-enroute,201706666682710,10000,Denar
357,instapayment,201706666682710,10000,Manat
358,maestro,201706666682710,10000,Rupiah
359,laser,201706666682710,10000,Ruble
360,jcb,201706666682710,10000,Rupiah
361,solo,201706666682710,10000,Euro
362,china-unionpay,201706666682710,10000,Rupiah
363,jcb,201706666682710,10000,Taka
364,switch,201706666682710,10000,Ruble
365,visa,201706666682710,10000,Rand
366,bankcard,201706666682710,10000,Krona
367,diners-club-enroute,201706666682710,10000,Yuan Renminbi
368,jcb,201706666682710,10000,Yuan Renminbi
369,jcb,201706666682710,10000,Shilling
370,switch,201706666682710,10000,Euro
371,switch,201706666682710,10000,Krone
372,jcb,201706666682710,10000,Rupiah
373,jcb,201706666682710,10000,Baht
374,switch,201706666682710,10000,Krona
375,instapayment,201706666682710,10000,Zloty
376,mastercard,201706666682710,10000,Yuan Renminbi
377,jcb,201706666682710,10000,Som
378,jcb,201706666682710,10000,Dollar
379,jcb,201706666682710,10000,Euro
380,jcb,201706666682710,10000,Franc
381,jcb,201706666682710,10000,Yen
382,instapayment,201706666682710,10000,Krona
383,bankcard,201706666682710,10000,Yuan Renminbi
384,switch,201706666682710,10000,Euro
385,visa,201706666682710,10000,Peso
386,jcb,201706666682710,10000,Baht
387,jcb,201706666682710,10000,Zloty
388,visa-electron,201706666682710,10000,Euro
389,americanexpress,201706666682710,10000,Rupiah
390,visa-electron,201706666682710,10000,Ruble
391,americanexpress,201706666682710,10000,Ruble
392,diners-club-carte-blanche,201706666682710,10000,Euro
393,jcb,201706666682710,10000,Euro
394,jcb,201706666682710,10000,Yuan Renminbi
395,mastercard,201706666682710,10000,Peso
396,americanexpress,201706666682710,10000,Boliviano
397,instapayment,201706666682710,10000,Naira
398,jcb,201706666682710,10000,Ruble
399,visa-electron,201706666682710,10000,Dinar
400,jcb,201706666682710,10000,Baht
401,jcb,201706666682710,10000,Hryvnia
402,maestro,201706666682710,10000,Yuan Renminbi
403,jcb,201706666682710,10000,Yuan Renminbi
404,jcb,201706666682710,10000,Euro
405,diners-club-enroute,201706666682710,10000,Krona
406,diners-club-carte-blanche,201706666682710,10000,Ruble
407,jcb,201706666682710,10000,Franc
408,jcb,201706666682710,10000,Euro
409,maestro,201706666682710,10000,Yuan Renminbi
410,instapayment,201706666682710,10000,Dollar
411,jcb,201706666682710,10000,Koruna
412,visa-electron,201706666682710,10000,Peso
413,jcb,201706666682710,10000,Yuan Renminbi
414,bankcard,201706666682710,10000,Shilling
415,jcb,201706666682710,10000,Krona
416,mastercard,201706666682710,10000,Zloty
417,jcb,201706666682710,10000,Pound
418,jcb,201706666682710,10000,Peso
419,jcb,201706666682710,10000,Dong
420,maestro,201706666682710,10000,Hryvnia
421,jcb,201706666682710,10000,Peso
422,jcb,201706666682710,10000,Yen
423,jcb,201706666682710,10000,Ruble
424,china-unionpay,201706666682710,10000,Peso
425,jcb,201706666682710,10000,Yuan Renminbi
426,instapayment,201706666682710,10000,Dong
427,mastercard,201706666682710,10000,Ruble
428,jcb,201706666682710,10000,Rupiah
429,visa-electron,201706666682710,10000,Dollar
430,mastercard,201706666682710,10000,Baht
431,jcb,201706666682710,10000,Sol
432,switch,201706666682710,10000,Rupiah
433,switch,201706666682710,10000,Yuan Renminbi
434,jcb,201706666682710,10000,Euro
435,china-unionpay,201706666682710,10000,Euro
436,switch,201706666682710,10000,Yuan Renminbi
437,americanexpress,201706666682710,10000,Dollar
438,jcb,201706666682710,10000,Som
439,mastercard,201706666682710,10000,Yuan Renminbi
440,instapayment,201706666682710,10000,Euro
441,jcb,201706666682710,10000,Lek
442,maestro,201706666682710,10000,Rupiah
443,mastercard,201706666682710,10000,Shekel
444,jcb,201706666682710,10000,Yuan Renminbi
445,china-unionpay,201706666682710,10000,Quetzal
446,laser,201706666682710,10000,Rial
447,china-unionpay,201706666682710,10000,Rupiah
448,jcb,201706666682710,10000,Rupiah
449,jcb,201706666682710,10000,Franc
450,diners-club-carte-blanche,201706666682710,10000,Real
451,visa,201706666682710,10000,Peso
452,switch,201706666682710,10000,Yuan Renminbi
453,jcb,201706666682710,10000,Ruble
454,china-unionpay,201706666682710,10000,Sol
455,jcb,201706666682710,10000,Euro
456,bankcard,201706666682710,10000,Yuan Renminbi
457,diners-club-carte-blanche,201706666682710,10000,Afghani
458,jcb,201706666682710,10000,Dollar
459,mastercard,201706666682710,10000,Denar
460,americanexpress,201706666682710,10000,Rupiah
461,bankcard,201706666682710,10000,Yuan Renminbi
462,mastercard,201706666682710,10000,Rupiah
463,jcb,201706666682710,10000,Rupiah
464,jcb,201706666682710,10000,Ruble
465,switch,201706666682710,10000,Rupiah
466,jcb,201706666682710,10000,Hryvnia
467,diners-club-enroute,201706666682710,10000,Hryvnia
468,switch,201706666682710,10000,Euro
469,bankcard,201706666682710,10000,Shilling
470,jcb,201706666682710,10000,Real
471,jcb,201706666682710,10000,Peso
472,diners-club-carte-blanche,201706666682710,10000,Peso
473,bankcard,201706666682710,10000,Rupiah
474,visa-electron,201706666682710,10000,Rupiah
475,visa-electron,201706666682710,10000,Zloty
476,jcb,201706666682710,10000,Peso
477,china-unionpay,201706666682710,10000,Ruble
478,jcb,201706666682710,10000,Peso
479,mastercard,201706666682710,10000,Euro
480,jcb,201706666682710,10000,Dollar
481,jcb,201706666682710,10000,Euro
482,switch,201706666682710,10000,Denar
483,jcb,201706666682710,10000,Euro
484,jcb,201706666682710,10000,Ruble
485,jcb,201706666682710,10000,Zloty
486,jcb,201706666682710,10000,Forint
487,visa-electron,201706666682710,10000,Rupiah
488,instapayment,201706666682710,10000,Dollar
489,visa-electron,201706666682710,10000,Rupiah
490,visa-electron,201706666682710,10000,Zloty
491,mastercard,201706666682710,10000,Rupee
492,jcb,201706666682710,10000,Peso
493,jcb,201706666682710,10000,Euro
494,jcb,201706666682710,10000,Ruble
495,jcb,201706666682710,10000,Lempira
496,mastercard,201706666682710,10000,Yuan Renminbi
497,solo,201706666682710,10000,Rupiah
498,jcb,201706666682710,10000,Zloty
499,maestro,201706666682710,10000,Rupiah
500,diners-club-enroute,201706666682710,10000,Real
501,jcb,201706666682710,10000,Baht
502,jcb,201706666682710,10000,Krona
503,jcb,201706666682710,10000,Ruble
504,jcb,201706666682710,10000,Bolivar
505,jcb,201706666682710,10000,Yuan Renminbi
506,jcb,201706666682710,10000,Baht
507,jcb,201706666682710,10000,Rupiah
508,switch,201706666682710,10000,Krone
509,visa-electron,201706666682710,10000,Yen
510,americanexpress,201706666682710,10000,Pound
511,jcb,201706666682710,10000,Rupiah
512,visa,201706666682710,10000,Euro
513,diners-club-enroute,201706666682710,10000,Tenge
514,jcb,201706666682710,10000,Yuan Renminbi
515,china-unionpay,201706666682710,10000,Kuna
516,maestro,201706666682710,10000,Rial
517,jcb,201706666682710,10000,Yuan Renminbi
518,visa-electron,201706666682710,10000,Marka
519,jcb,201706666682710,10000,Yen
520,china-unionpay,201706666682710,10000,Yuan Renminbi
521,mastercard,201706666682710,10000,Rupiah
522,americanexpress,201706666682710,10000,Naira
523,jcb,201706666682710,10000,Yuan Renminbi
524,americanexpress,201706666682710,10000,Yuan Renminbi
525,maestro,201706666682710,10000,Euro
526,maestro,201706666682710,10000,Krona
527,bankcard,201706666682710,10000,Yen
528,mastercard,201706666682710,10000,Peso
529,laser,201706666682710,10000,Yuan Renminbi
530,instapayment,201706666682710,10000,Euro
531,jcb,201706666682710,10000,Peso
532,mastercard,201706666682710,10000,Hryvnia
533,jcb,201706666682710,10000,Lek
534,jcb,201706666682710,10000,Shilling
535,jcb,201706666682710,10000,Zloty
536,instapayment,201706666682710,10000,Ruble
537,jcb,201706666682710,10000,Kuna
538,jcb,201706666682710,10000,Rupiah
539,jcb,201706666682710,10000,Krona
540,mastercard,201706666682710,10000,Yuan Renminbi
541,instapayment,201706666682710,10000,Sol
542,mastercard,201706666682710,10000,Yen
543,mastercard,201706666682710,10000,Shilling
544,switch,201706666682710,10000,Dollar
545,jcb,201706666682710,10000,Real
546,bankcard,201706666682710,10000,Real
547,jcb,201706666682710,10000,Rupiah
548,bankcard,201706666682710,10000,Euro
549,instapayment,201706666682710,10000,Yuan Renminbi
550,jcb,201706666682710,10000,Baht
551,jcb,201706666682710,10000,Ruble
552,china-unionpay,201706666682710,10000,Krona
553,jcb,201706666682710,10000,Dollar
554,visa-electron,201706666682710,10000,Yuan Renminbi
555,jcb,201706666682710,10000,Rupiah
556,china-unionpay,201706666682710,10000,Hryvnia
557,visa-electron,201706666682710,10000,Real
558,mastercard,201706666682710,10000,Pound
559,switch,201706666682710,10000,Dollar
560,bankcard,201706666682710,10000,Yuan Renminbi
561,diners-club-us-ca,201706666682710,10000,Dollar
562,jcb,201706666682710,10000,Yuan Renminbi
563,jcb,201706666682710,10000,Yuan Renminbi
564,mastercard,201706666682710,10000,Zloty
565,mastercard,201706666682710,10000,Rupiah
566,maestro,201706666682710,10000,Real
567,jcb,201706666682710,10000,Rial
568,switch,201706666682710,10000,Peso
569,diners-club-international,201706666682710,10000,Peso
570,jcb,201706666682710,10000,Peso
571,visa-electron,201706666682710,10000,Peso
572,jcb,201706666682710,10000,Ruble
573,jcb,201706666682710,10000,Naira
574,americanexpress,201706666682710,10000,Krone
575,visa,201706666682710,10000,Yuan Renminbi
576,china-unionpay,201706666682710,10000,Euro
577,jcb,201706666682710,10000,Gourde
578,maestro,201706666682710,10000,Rupiah
579,solo,201706666682710,10000,Krona
580,mastercard,201706666682710,10000,Yuan Renminbi
581,jcb,201706666682710,10000,Yuan Renminbi
582,visa,201706666682710,10000,Rupiah
583,jcb,201706666682710,10000,Real
584,solo,201706666682710,10000,Dollar
585,jcb,201706666682710,10000,Euro
586,laser,201706666682710,10000,Yuan Renminbi
587,jcb,201706666682710,10000,Yuan Renminbi
588,mastercard,201706666682710,10000,Rupiah
589,jcb,201706666682710,10000,Yuan Renminbi
590,jcb,201706666682710,10000,Dram
591,jcb,201706666682710,10000,Euro
592,mastercard,201706666682710,10000,Dollar
593,jcb,201706666682710,10000,Lempira
594,maestro,201706666682710,10000,Krona
595,jcb,201706666682710,10000,Rupiah
596,jcb,201706666682710,10000,Lek
597,diners-club-enroute,201706666682710,10000,Yen
598,jcb,201706666682710,10000,Zloty
599,mastercard,201706666682710,10000,Euro
600,jcb,201706666682710,10000,Yuan Renminbi
601,jcb,201706666682710,10000,Rupiah
602,bankcard,201706666682710,10000,Yuan Renminbi
603,jcb,201706666682710,10000,Yuan Renminbi
604,china-unionpay,201706666682710,10000,Won
605,americanexpress,201706666682710,10000,Dinar
606,jcb,201706666682710,10000,Krona
607,jcb,201706666682710,10000,Rupiah
608,maestro,201706666682710,10000,Real
609,jcb,201706666682710,10000,Yuan Renminbi
610,bankcard,201706666682710,10000,Yuan Renminbi
611,mastercard,201706666682710,10000,Zloty
612,laser,201706666682710,10000,Birr
613,jcb,201706666682710,10000,Rupiah
614,maestro,201706666682710,10000,Tugrik
615,jcb,201706666682710,10000,Naira
616,switch,201706666682710,10000,Dollar
617,jcb,201706666682710,10000,Rupiah
618,maestro,201706666682710,10000,Dollar
619,jcb,201706666682710,10000,Krona
620,jcb,201706666682710,10000,Shekel
621,americanexpress,201706666682710,10000,Rupiah
622,maestro,201706666682710,10000,Rial
623,jcb,201706666682710,10000,Peso
624,jcb,201706666682710,10000,Rupiah
625,jcb,201706666682710,10000,Peso
626,jcb,201706666682710,10000,Yuan Renminbi
627,jcb,201706666682710,10000,Lempira
628,china-unionpay,201706666682710,10000,Euro
629,jcb,201706666682710,10000,Yuan Renminbi
630,visa,201706666682710,10000,Peso
631,jcb,201706666682710,10000,Yuan Renminbi
632,visa,201706666682710,10000,Peso
633,maestro,201706666682710,10000,Bolivar
634,visa,201706666682710,10000,Euro
635,jcb,201706666682710,10000,Euro
636,switch,201706666682710,10000,Rupiah
637,jcb,201706666682710,10000,Yuan Renminbi
638,china-unionpay,201706666682710,10000,Euro
639,mastercard,201706666682710,10000,Krone
640,visa-electron,201706666682710,10000,Krona
641,switch,201706666682710,10000,Zloty
642,jcb,201706666682710,10000,Koruna
643,laser,201706666682710,10000,Euro
644,china-unionpay,201706666682710,10000,Ruble
645,maestro,201706666682710,10000,Yuan Renminbi
646,instapayment,201706666682710,10000,Yuan Renminbi
647,mastercard,201706666682710,10000,Koruna
648,jcb,201706666682710,10000,Peso
649,jcb,201706666682710,10000,Franc
650,switch,201706666682710,10000,Peso
651,jcb,201706666682710,10000,Peso
652,jcb,201706666682710,10000,Euro
653,jcb,201706666682710,10000,Leone
654,jcb,201706666682710,10000,Yuan Renminbi
655,jcb,201706666682710,10000,Peso
656,mastercard,201706666682710,10000,Yuan Renminbi
657,jcb,201706666682710,10000,Rand
658,jcb,201706666682710,10000,Yuan Renminbi
659,laser,201706666682710,10000,Yuan Renminbi
660,jcb,201706666682710,10000,Ruble
661,laser,201706666682710,10000,Rupiah
662,jcb,201706666682710,10000,Yuan Renminbi
663,visa-electron,201706666682710,10000,Real
664,jcb,201706666682710,10000,Dollar
665,visa-electron,201706666682710,10000,Rupiah
666,jcb,201706666682710,10000,Peso
667,jcb,201706666682710,10000,Ruble
668,instapayment,201706666682710,10000,Peso
669,jcb,201706666682710,10000,Koruna
670,visa-electron,201706666682710,10000,Rupiah
671,jcb,201706666682710,10000,Yuan Renminbi
672,jcb,201706666682710,10000,Yuan Renminbi
673,visa,201706666682710,10000,Ruble
674,jcb,201706666682710,10000,Ruble
675,maestro,201706666682710,10000,Yuan Renminbi
676,jcb,201706666682710,10000,Euro
677,jcb,201706666682710,10000,Franc
678,americanexpress,201706666682710,10000,Zloty
679,mastercard,201706666682710,10000,Yuan Renminbi
680,china-unionpay,201706666682710,10000,Euro
681,switch,201706666682710,10000,Ruble
682,mastercard,201706666682710,10000,Yuan Renminbi
683,jcb,201706666682710,10000,Euro
684,mastercard,201706666682710,10000,Rupiah
685,china-unionpay,201706666682710,10000,Euro
686,jcb,201706666682710,10000,Dollar
687,bankcard,201706666682710,10000,Euro
688,jcb,201706666682710,10000,Yuan Renminbi
689,switch,201706666682710,10000,Ruble
690,jcb,201706666682710,10000,Baht
691,jcb,201706666682710,10000,Rupiah
692,diners-club-carte-blanche,201706666682710,10000,Koruna
693,jcb,201706666682710,10000,Euro
694,jcb,201706666682710,10000,Kina
695,diners-club-enroute,201706666682710,10000,Dollar
696,jcb,201706666682710,10000,Rial
697,jcb,201706666682710,10000,Real
698,jcb,201706666682710,10000,Ruble
699,jcb,201706666682710,10000,Koruna
700,jcb,201706666682710,10000,Tenge
701,china-unionpay,201706666682710,10000,Rupiah
702,jcb,201706666682710,10000,Peso
703,china-unionpay,201706666682710,10000,Real
704,jcb,201706666682710,10000,Rupiah
705,jcb,201706666682710,10000,Bolivar
706,diners-club-enroute,201706666682710,10000,Ruble
707,maestro,201706666682710,10000,Rupiah
708,americanexpress,201706666682710,10000,Dirham
709,jcb,201706666682710,10000,Real
710,jcb,201706666682710,10000,Yuan Renminbi
711,jcb,201706666682710,10000,Lempira
712,switch,201706666682710,10000,Yuan Renminbi
713,jcb,201706666682710,10000,Krona
714,jcb,201706666682710,10000,Som
715,maestro,201706666682710,10000,Ruble
716,jcb,201706666682710,10000,Real
717,maestro,201706666682710,10000,Hryvnia
718,jcb,201706666682710,10000,Zloty
719,jcb,201706666682710,10000,Rupiah
720,maestro,201706666682710,10000,Dollar
721,jcb,201706666682710,10000,Dollar
722,switch,201706666682710,10000,Yuan Renminbi
723,visa-electron,201706666682710,10000,Ruble
724,jcb,201706666682710,10000,Ruble
725,mastercard,201706666682710,10000,Som
726,jcb,201706666682710,10000,Franc
727,jcb,201706666682710,10000,Real
728,jcb,201706666682710,10000,Yuan Renminbi
729,jcb,201706666682710,10000,Euro
730,jcb,201706666682710,10000,Dollar
731,jcb,201706666682710,10000,Yuan Renminbi
732,laser,201706666682710,10000,Euro
733,jcb,201706666682710,10000,Dollar
734,bankcard,201706666682710,10000,Euro
735,mastercard,201706666682710,10000,Euro
736,americanexpress,201706666682710,10000,Rupee
737,maestro,201706666682710,10000,Peso
738,maestro,201706666682710,10000,Yuan Renminbi
739,bankcard,201706666682710,10000,Shilling
740,diners-club-carte-blanche,201706666682710,10000,Yuan Renminbi
741,jcb,201706666682710,10000,Ariary
742,diners-club-carte-blanche,201706666682710,10000,Rupiah
743,visa,201706666682710,10000,Franc
744,maestro,201706666682710,10000,Rand
745,visa,201706666682710,10000,Won
746,jcb,201706666682710,10000,Som
747,bankcard,201706666682710,10000,Euro
748,jcb,201706666682710,10000,Quetzal
749,americanexpress,201706666682710,10000,Real
750,maestro,201706666682710,10000,Lek
751,jcb,201706666682710,10000,Rial
752,solo,201706666682710,10000,Balboa
753,visa-electron,201706666682710,10000,Krone
754,maestro,201706666682710,10000,Yuan Renminbi
755,jcb,201706666682710,10000,Yuan Renminbi
756,jcb,201706666682710,10000,Euro
757,jcb,201706666682710,10000,Euro
758,maestro,201706666682710,10000,Litas
759,jcb,201706666682710,10000,Ruble
760,instapayment,201706666682710,10000,Kuna
761,diners-club-enroute,201706666682710,10000,Ruble
762,bankcard,201706666682710,10000,Zloty
763,jcb,201706666682710,10000,Euro
764,maestro,201706666682710,10000,Baht
765,china-unionpay,201706666682710,10000,Euro
766,jcb,201706666682710,10000,Yuan Renminbi
767,diners-club-enroute,201706666682710,10000,Dollar
768,diners-club-enroute,201706666682710,10000,Yuan Renminbi
769,bankcard,201706666682710,10000,Dollar
770,switch,201706666682710,10000,Peso
771,china-unionpay,201706666682710,10000,Yuan Renminbi
772,americanexpress,201706666682710,10000,Rufiyaa
773,jcb,201706666682710,10000,Euro
774,jcb,201706666682710,10000,Tugrik
775,diners-club-enroute,201706666682710,10000,Dollar
776,jcb,201706666682710,10000,Peso
777,jcb,201706666682710,10000,Yen
778,instapayment,201706666682710,10000,Naira
779,americanexpress,201706666682710,10000,Yuan Renminbi
780,jcb,201706666682710,10000,Dinar
781,jcb,201706666682710,10000,Naira
782,jcb,201706666682710,10000,Euro
783,switch,201706666682710,10000,Peso
784,diners-club-enroute,201706666682710,10000,Peso
785,jcb,201706666682710,10000,Rupiah
786,mastercard,201706666682710,10000,Dollar
787,diners-club-carte-blanche,201706666682710,10000,Ruble
788,switch,201706666682710,10000,Afghani
789,jcb,201706666682710,10000,Guarani
790,jcb,201706666682710,10000,Real
791,jcb,201706666682710,10000,Peso
792,maestro,201706666682710,10000,Zloty
793,maestro,201706666682710,10000,Rupiah
794,bankcard,201706666682710,10000,Dollar
795,jcb,201706666682710,10000,Ruble
796,jcb,201706666682710,10000,Euro
797,jcb,201706666682710,10000,Dram
798,china-unionpay,201706666682710,10000,Krona
799,jcb,201706666682710,10000,Ruble
800,mastercard,201706666682710,10000,Rupiah
801,switch,201706666682710,10000,Peso
802,china-unionpay,201706666682710,10000,Yuan Renminbi
803,jcb,201706666682710,10000,Yuan Renminbi
804,solo,201706666682710,10000,Euro
805,bankcard,201706666682710,10000,Denar
806,solo,201706666682710,10000,Zloty
807,jcb,201706666682710,10000,Rial
808,jcb,201706666682710,10000,Yuan Renminbi
809,jcb,201706666682710,10000,Dollar
810,mastercard,201706666682710,10000,Yuan Renminbi
811,instapayment,201706666682710,10000,Euro
812,jcb,201706666682710,10000,Pound
813,bankcard,201706666682710,10000,Yuan Renminbi
814,jcb,201706666682710,10000,Yuan Renminbi
815,mastercard,201706666682710,10000,Ruble
816,jcb,201706666682710,10000,Rupiah
817,visa-electron,201706666682710,10000,Yuan Renminbi
818,diners-club-us-ca,201706666682710,10000,Yuan Renminbi
819,diners-club-carte-blanche,201706666682710,10000,Euro
820,jcb,201706666682710,10000,Yuan Renminbi
821,mastercard,201706666682710,10000,Euro
822,switch,201706666682710,10000,Ruble
823,instapayment,201706666682710,10000,Yuan Renminbi
824,diners-club-enroute,201706666682710,10000,Baht
825,maestro,201706666682710,10000,Rupiah
826,bankcard,201706666682710,10000,Rupiah
827,mastercard,201706666682710,10000,Shilling
828,jcb,201706666682710,10000,Baht
829,visa-electron,201706666682710,10000,Rupiah
830,jcb,201706666682710,10000,Rupiah
831,switch,201706666682710,10000,Peso
832,mastercard,201706666682710,10000,Manat
833,diners-club-carte-blanche,201706666682710,10000,Rupiah
834,diners-club-enroute,201706666682710,10000,Euro
835,solo,201706666682710,10000,Bolivar
836,diners-club-us-ca,201706666682710,10000,Yuan Renminbi
837,mastercard,201706666682710,10000,Koruna
838,switch,201706666682710,10000,Koruna
839,jcb,201706666682710,10000,Yuan Renminbi
840,mastercard,201706666682710,10000,Yuan Renminbi
841,switch,201706666682710,10000,Yuan Renminbi
842,jcb,201706666682710,10000,Real
843,jcb,201706666682710,10000,Manat
844,maestro,201706666682710,10000,Peso
845,jcb,201706666682710,10000,Real
846,switch,201706666682710,10000,Yuan Renminbi
847,jcb,201706666682710,10000,Peso
848,visa,201706666682710,10000,Rupiah
849,jcb,201706666682710,10000,Krona
850,laser,201706666682710,10000,Dollar
851,jcb,201706666682710,10000,Ruble
852,jcb,201706666682710,10000,Yuan Renminbi
853,diners-club-enroute,201706666682710,10000,Tala
854,mastercard,201706666682710,10000,Kuna
855,mastercard,201706666682710,10000,Rupiah
856,diners-club-enroute,201706666682710,10000,Euro
857,jcb,201706666682710,10000,Ruble
858,jcb,201706666682710,10000,Peso
859,jcb,201706666682710,10000,Yen
860,jcb,201706666682710,10000,Euro
861,maestro,201706666682710,10000,Euro
862,diners-club-enroute,201706666682710,10000,Ruble
863,instapayment,201706666682710,10000,Won
864,mastercard,201706666682710,10000,Ruble
865,jcb,201706666682710,10000,Dram
866,laser,201706666682710,10000,Peso
867,jcb,201706666682710,10000,Peso
868,mastercard,201706666682710,10000,Dirham
869,americanexpress,201706666682710,10000,Baht
870,diners-club-carte-blanche,201706666682710,10000,Rial
871,jcb,201706666682710,10000,Peso
872,visa-electron,201706666682710,10000,Euro
873,mastercard,201706666682710,10000,Koruna
874,americanexpress,201706666682710,10000,Peso
875,jcb,201706666682710,10000,Ruble
876,switch,201706666682710,10000,Peso
877,maestro,201706666682710,10000,Yen
878,americanexpress,201706666682710,10000,Real
879,jcb,201706666682710,10000,Shilling
880,china-unionpay,201706666682710,10000,Shekel
881,americanexpress,201706666682710,10000,Rupiah
882,jcb,201706666682710,10000,Yuan Renminbi
883,americanexpress,201706666682710,10000,Taka
884,americanexpress,201706666682710,10000,Real
885,jcb,201706666682710,10000,Yuan Renminbi
886,switch,201706666682710,10000,Dirham
887,mastercard,201706666682710,10000,Koruna
888,jcb,201706666682710,10000,Pound
889,jcb,201706666682710,10000,Litas
890,americanexpress,201706666682710,10000,Yuan Renminbi
891,bankcard,201706666682710,10000,Lek
892,americanexpress,201706666682710,10000,Rupiah
893,jcb,201706666682710,10000,Bolivar
894,laser,201706666682710,10000,Rupiah
895,bankcard,201706666682710,10000,Real
896,solo,201706666682710,10000,Peso
897,jcb,201706666682710,10000,Dollar
898,maestro,201706666682710,10000,Yuan Renminbi
899,instapayment,201706666682710,10000,Zloty
900,jcb,201706666682710,10000,Shilling
901,switch,201706666682710,10000,Peso
902,jcb,201706666682710,10000,Peso
903,switch,201706666682710,10000,Yuan Renminbi
904,jcb,201706666682710,10000,Rupee
905,switch,201706666682710,10000,Yuan Renminbi
906,diners-club-international,201706666682710,10000,Euro
907,laser,201706666682710,10000,Rupiah
908,diners-club-enroute,201706666682710,10000,Rupiah
909,americanexpress,201706666682710,10000,Peso
910,bankcard,201706666682710,10000,Yuan Renminbi
911,mastercard,201706666682710,10000,Denar
912,americanexpress,201706666682710,10000,Real
913,americanexpress,201706666682710,10000,Rupiah
914,switch,201706666682710,10000,Peso
915,visa,201706666682710,10000,Rupiah
916,bankcard,201706666682710,10000,Real
917,jcb,201706666682710,10000,Dollar
918,laser,201706666682710,10000,Yuan Renminbi
919,jcb,201706666682710,10000,Yuan Renminbi
920,visa-electron,201706666682710,10000,Dollar
921,jcb,201706666682710,10000,Peso
922,switch,201706666682710,10000,Rupiah
923,jcb,201706666682710,10000,Bolivar
924,jcb,201706666682710,10000,Colon
925,visa-electron,201706666682710,10000,Baht
926,jcb,201706666682710,10000,Ringgit
927,maestro,201706666682710,10000,Peso
928,visa-electron,201706666682710,10000,Rial
929,jcb,201706666682710,10000,Koruna
930,mastercard,201706666682710,10000,Rupiah
931,americanexpress,201706666682710,10000,Real
932,jcb,201706666682710,10000,Ruble
933,diners-club-enroute,201706666682710,10000,Peso
934,maestro,201706666682710,10000,Koruna
935,visa,201706666682710,10000,Euro
936,jcb,201706666682710,10000,Rupiah
937,americanexpress,201706666682710,10000,Peso
938,americanexpress,201706666682710,10000,Peso
939,visa-electron,201706666682710,10000,Rupiah
940,americanexpress,201706666682710,10000,Dollar
941,diners-club-enroute,201706666682710,10000,Rupiah
942,jcb,201706666682710,10000,Rupiah
943,mastercard,201706666682710,10000,Euro
944,visa-electron,201706666682710,10000,Leone
945,maestro,201706666682710,10000,Yuan Renminbi
946,maestro,201706666682710,10000,Rupiah
947,jcb,201706666682710,10000,Naira
948,switch,201706666682710,10000,Rupiah
949,switch,201706666682710,10000,Rupiah
950,jcb,201706666682710,10000,Dong
951,jcb,201706666682710,10000,Baht
952,maestro,201706666682710,10000,Yuan Renminbi
953,diners-club-carte-blanche,201706666682710,10000,Yen
954,jcb,201706666682710,10000,Zloty
955,jcb,201706666682710,10000,Yen
956,jcb,201706666682710,10000,Yuan Renminbi
957,jcb,201706666682710,10000,Rupiah
958,switch,201706666682710,10000,Tugrik
959,americanexpress,201706666682710,10000,Rupiah
960,china-unionpay,201706666682710,10000,Euro
961,china-unionpay,201706666682710,10000,Euro
962,jcb,201706666682710,10000,Rial
963,jcb,201706666682710,10000,Ruble
964,china-unionpay,201706666682710,10000,Yuan Renminbi
965,jcb,201706666682710,10000,Yuan Renminbi
966,jcb,201706666682710,10000,Tenge
967,switch,201706666682710,10000,Rand
968,switch,201706666682710,10000,Rial
969,americanexpress,201706666682710,10000,Euro
970,switch,201706666682710,10000,Koruna
971,diners-club-carte-blanche,201706666682710,10000,Rupiah
972,jcb,201706666682710,10000,Peso
973,mastercard,201706666682710,10000,Yuan Renminbi
974,jcb,201706666682710,10000,Yuan Renminbi
975,visa-electron,201706666682710,10000,Yuan Renminbi
976,jcb,201706666682710,10000,Euro
977,jcb,201706666682710,10000,Yuan Renminbi
978,americanexpress,201706666682710,10000,Yuan Renminbi
979,diners-club-carte-blanche,201706666682710,10000,Zloty
980,visa,201706666682710,10000,Yuan Renminbi
981,mastercard,201706666682710,10000,Yuan Renminbi
982,switch,201706666682710,10000,Peso
983,jcb,201706666682710,10000,Kyat
984,diners-club-enroute,201706666682710,10000,Yuan Renminbi
985,diners-club-carte-blanche,201706666682710,10000,Manat
986,mastercard,201706666682710,10000,Rupiah
987,visa,201706666682710,10000,Guarani
988,maestro,201706666682710,10000,Yen
989,laser,201706666682710,10000,Euro
990,china-unionpay,201706666682710,10000,Tugrik
991,visa,201706666682710,10000,Dollar
992,jcb,201706666682710,10000,Yuan Renminbi
993,mastercard,201706666682710,10000,Yuan Renminbi
994,switch,201706666682710,10000,Euro
995,americanexpress,201706666682710,10000,Euro
996,diners-club-enroute,201706666682710,10000,Peso
997,jcb,201706666682710,10000,Euro
998,jcb,201706666682710,10000,Dollar
999,jcb,201706666682710,10000,Rupiah
1000,laser,201706666682710,10000,Yuan Renminbi
